{"uVT8KFwL":null,"dYeSpW6f":"2019-01-11 23:12:59","kmhUE3JT":"fr3FT2RwqZYvjq6RyEFmYuRniBA6EddePEOXAuo7bIEfUWMtiDW+6uCnTN9\/BGqZTaSGv\/oSzzy\/YWqSamYxqI2FAm9keuTDnUljVYIIF+Nscu9jvxvMxZ6T\/CscbB5P\/IPMigMzMMuobwP1GZv\/OWD9QFgdeTYBazw3lQHjE7Vf7jx6Sg7NLZ\/cOnobR4KVDWktoM8DLtzZQ0nnHT+rP6J6olE5o0C3XiBPhIqb60S\/qha2FiBVohCSgg1tcR3QwbWwZQOTVg1hbK5vmIPSrpsQzlEFCCCVVEB+sNFTh\/UWow\/5NB96KY70Pd1GzqfTooweutZ1l2p2xETVoqhH1Q==","nG7kamcb":"cca7ea9437c68ef56ed62ae262164565f25df915","pkARv9mK":"32d547f34c6c3fa1bfcd9633eff9a7a7","g8KqKR9R":null}